epoch,time,train/box_loss,train/pose_loss,train/kobj_loss,train/cls_loss,train/l1_loss,train/rle_loss,metrics/precision(B),metrics/recall(B),metrics/mAP50(B),metrics/mAP50-95(B),metrics/precision(P),metrics/recall(P),metrics/mAP50(P),metrics/mAP50-95(P),val/box_loss,val/pose_loss,val/kobj_loss,val/cls_loss,val/l1_loss,val/rle_loss,lr/pg0,lr/pg1,lr/pg2
1,252.663,0.93672,12.4419,0.58118,0.92758,0.0259,9.39609,0.85523,0.7837,0.84889,0.51393,0.32268,0.16204,0.07468,0.0221,1.04326,11.6062,0.3325,0.87053,0.04109,0,0.000499565,0.000499565,0.0755213
2,507.593,0.89905,9.55144,0.42346,0.79225,0.02509,6.85398,0.92142,0.84058,0.92489,0.61607,0.70656,0.48694,0.46989,0.19811,0.87956,7.09603,0.16057,0.63963,0.03429,0,0.000999321,0.000999321,0.0510211
3,741.082,0.88013,8.50352,0.37599,0.75076,0.02447,5.99753,0.90768,0.88887,0.95212,0.62832,0.79821,0.6029,0.60057,0.3526,0.86523,5.46483,0.14161,0.53811,0.03327,0,0.0014981,0.0014981,0.0265198
4,989.09,0.8597,7.95813,0.35637,0.73372,0.02394,5.5861,0.91815,0.8906,0.94654,0.69014,0.7846,0.59615,0.57909,0.34676,0.72203,5.40892,0.17215,0.51856,0.02616,0,0.00199517,0.00199517,0.00201691
5,1241.86,0.84402,7.56002,0.33783,0.72087,0.02315,5.20517,0.92198,0.93515,0.97065,0.68355,0.76771,0.63513,0.60917,0.38988,0.76059,4.90659,0.12654,0.44493,0.02928,0,0.00199219,0.00199219,0.00199219
6,1475.8,0.81496,7.14898,0.32189,0.68217,0.02233,4.85669,0.93422,0.93571,0.97495,0.70769,0.75564,0.621,0.56809,0.37339,0.71445,5.02814,0.1442,0.43158,0.02696,0,0.00198781,0.00198781,0.00198781
7,1708.21,0.79118,6.7994,0.31134,0.6513,0.02158,4.52478,0.91947,0.91673,0.9596,0.70841,0.82359,0.66012,0.67818,0.46776,0.69949,4.52031,0.13023,0.49163,0.02584,0,0.00198246,0.00198246,0.00198246
8,1947.46,0.78956,6.62027,0.30281,0.64164,0.02165,4.39209,0.93413,0.9362,0.97566,0.73103,0.8272,0.68814,0.71148,0.49791,0.67422,4.19008,0.12559,0.41059,0.02508,0,0.00197616,0.00197616,0.00197616
9,2199.76,0.75706,6.29221,0.29206,0.61217,0.02057,4.04642,0.94809,0.94972,0.98101,0.73378,0.80106,0.71008,0.69575,0.4906,0.67168,4.09001,0.11086,0.38872,0.02473,0,0.0019689,0.0019689,0.0019689
10,2443.87,0.75333,6.20434,0.28565,0.60479,0.02043,3.95919,0.94496,0.94736,0.97918,0.75233,0.83496,0.72013,0.74438,0.5362,0.62562,3.80981,0.10785,0.38798,0.02266,0,0.00196069,0.00196069,0.00196069
11,2685.25,0.74113,6.05416,0.28272,0.5933,0.01982,3.76863,0.94203,0.9438,0.97859,0.76879,0.81151,0.72894,0.73568,0.54622,0.58362,3.78432,0.12812,0.37517,0.0204,0,0.00195155,0.00195155,0.00195155
12,2920.49,0.72689,5.7848,0.27733,0.57278,0.01959,3.48956,0.94645,0.95234,0.98139,0.78033,0.82879,0.73633,0.73612,0.54542,0.56829,3.71086,0.09606,0.35107,0.01969,0,0.00194147,0.00194147,0.00194147
13,3153.3,0.72228,5.78262,0.2686,0.57027,0.01937,3.45575,0.94681,0.95157,0.98215,0.77134,0.83404,0.76018,0.76517,0.58069,0.59141,3.52705,0.09498,0.35389,0.02114,0,0.00193048,0.00193048,0.00193048
14,3385.29,0.71734,5.65382,0.26553,0.56576,0.01916,3.35819,0.96026,0.95425,0.98331,0.78044,0.82,0.76055,0.74776,0.55589,0.56685,3.56964,0.09102,0.33102,0.01986,0,0.00191858,0.00191858,0.00191858
15,3617.82,0.70645,5.54323,0.26008,0.55829,0.0188,3.20955,0.94842,0.95922,0.9836,0.80083,0.83409,0.75965,0.76491,0.59415,0.52418,3.41437,0.08105,0.33,0.01792,0,0.00190578,0.00190578,0.00190578
16,3849.98,0.68802,5.27183,0.25376,0.53522,0.01823,2.93629,0.95217,0.95399,0.9825,0.79694,0.8325,0.78132,0.76546,0.59099,0.52735,3.26805,0.08186,0.31229,0.01797,0,0.0018921,0.0018921,0.0018921
17,4081.79,0.68499,5.27449,0.25137,0.5345,0.0181,2.98322,0.9443,0.95947,0.98248,0.79405,0.84181,0.78068,0.78887,0.60679,0.53216,3.22015,0.07599,0.32883,0.0184,0,0.00187754,0.00187754,0.00187754
18,4315.38,0.68405,5.2781,0.24847,0.53562,0.01803,2.9306,0.94921,0.96228,0.98505,0.80643,0.82977,0.77459,0.76562,0.59717,0.51247,3.25067,0.07289,0.32146,0.01731,0,0.00186213,0.00186213,0.00186213
19,4546.9,0.67184,5.07411,0.24654,0.51563,0.01774,2.70459,0.95821,0.95858,0.98661,0.80496,0.8372,0.77775,0.77211,0.61055,0.51938,3.22841,0.07345,0.30756,0.01789,0,0.00184588,0.00184588,0.00184588
20,4778.6,0.67035,5.02785,0.24134,0.51543,0.01769,2.72898,0.95446,0.96304,0.98626,0.80695,0.81776,0.7657,0.73802,0.57873,0.51338,3.34967,0.07173,0.29998,0.0175,0,0.00182881,0.00182881,0.00182881
21,5010.01,0.6646,4.94935,0.23908,0.50974,0.0176,2.56266,0.95111,0.95986,0.98546,0.81268,0.83874,0.79839,0.79432,0.63315,0.49835,3.03453,0.07182,0.30713,0.01686,0,0.00181093,0.00181093,0.00181093
22,5240.66,0.65661,4.89427,0.23759,0.51286,0.01741,2.56788,0.95678,0.96037,0.98691,0.81767,0.85584,0.79664,0.80079,0.63624,0.48718,2.99779,0.069,0.30569,0.01656,0,0.00179225,0.00179225,0.00179225
23,5471.88,0.64939,4.7747,0.2336,0.49247,0.01709,2.40503,0.95759,0.95922,0.98654,0.81478,0.84666,0.80642,0.80041,0.63987,0.49138,2.95819,0.06676,0.29834,0.01687,0,0.00177281,0.00177281,0.00177281
24,5701.67,0.65115,4.82533,0.23448,0.49512,0.01705,2.40622,0.95626,0.9611,0.98665,0.81867,0.85944,0.80426,0.80951,0.64808,0.48671,2.89266,0.06684,0.30068,0.01647,0,0.00175261,0.00175261,0.00175261
25,5932.1,0.64468,4.70686,0.22702,0.4924,0.01686,2.29192,0.95769,0.96508,0.98642,0.81882,0.85815,0.80489,0.80485,0.64923,0.4855,2.90057,0.06582,0.29953,0.01649,0,0.00173168,0.00173168,0.00173168
26,6164.3,0.63066,4.57511,0.22572,0.4739,0.0165,2.16316,0.96494,0.96094,0.98731,0.8252,0.85129,0.80795,0.80594,0.6492,0.47312,2.87362,0.06414,0.27602,0.01593,0,0.00171004,0.00171004,0.00171004
27,6395.29,0.63212,4.54025,0.22438,0.46799,0.01661,2.15396,0.96466,0.96356,0.98749,0.8242,0.85632,0.8198,0.81757,0.66529,0.47715,2.79946,0.06292,0.28055,0.01626,0,0.0016877,0.0016877,0.0016877
28,6625.61,0.62722,4.48535,0.2215,0.47104,0.01637,2.06929,0.96579,0.96419,0.98824,0.82675,0.85596,0.81025,0.81272,0.66288,0.47338,2.82207,0.06035,0.27826,0.01599,0,0.0016647,0.0016647,0.0016647
29,6857.66,0.62516,4.45994,0.22199,0.473,0.01638,2.04979,0.95891,0.96699,0.98799,0.82917,0.85102,0.81605,0.80867,0.66005,0.46744,2.81843,0.06169,0.28101,0.0158,0,0.00164105,0.00164105,0.00164105
30,7088.21,0.62603,4.4599,0.21744,0.46875,0.01636,2.03032,0.96493,0.96434,0.98787,0.83101,0.84891,0.82133,0.81403,0.66486,0.463,2.7844,0.06004,0.28076,0.0156,0,0.00161678,0.00161678,0.00161678
31,7319.4,0.61219,4.29785,0.21346,0.45919,0.01597,1.8973,0.96544,0.96827,0.98793,0.83435,0.85378,0.82148,0.81622,0.67176,0.45707,2.73719,0.0583,0.27348,0.01532,0,0.00159191,0.00159191,0.00159191
32,7549.84,0.61571,4.30039,0.21398,0.45535,0.01592,1.82293,0.9652,0.96623,0.98801,0.83694,0.85695,0.82465,0.82523,0.67745,0.45218,2.67319,0.0581,0.27168,0.0151,0,0.00156646,0.00156646,0.00156646
33,7782.02,0.6075,4.26729,0.21273,0.45021,0.01574,1.79107,0.96667,0.96789,0.98832,0.83776,0.86179,0.82479,0.82588,0.67817,0.45145,2.67283,0.05882,0.26696,0.0151,0,0.00154047,0.00154047,0.00154047
34,8018.55,0.61133,4.24069,0.21182,0.45512,0.01595,1.80742,0.96717,0.96495,0.98805,0.83966,0.85737,0.82401,0.8219,0.67694,0.44833,2.69942,0.05839,0.26357,0.01496,0,0.00151395,0.00151395,0.00151395
35,8261.83,0.60275,4.17875,0.20929,0.4452,0.01574,1.73728,0.96849,0.9675,0.98884,0.83987,0.86589,0.83293,0.82957,0.68524,0.44584,2.61879,0.05755,0.26096,0.01491,0,0.00148694,0.00148694,0.00148694
36,8503.11,0.5955,4.12513,0.2081,0.44344,0.01546,1.64329,0.96634,0.9658,0.98827,0.84071,0.86527,0.83153,0.82876,0.68474,0.44559,2.59797,0.05683,0.26295,0.01491,0,0.00145945,0.00145945,0.00145945
37,8742.91,0.59092,4.10331,0.20748,0.44101,0.01534,1.57614,0.96559,0.96558,0.98845,0.84236,0.86706,0.83064,0.82955,0.68639,0.44268,2.59783,0.05594,0.26389,0.01479,0,0.00143152,0.00143152,0.00143152
38,8983.3,0.58718,4.00248,0.20684,0.43337,0.01524,1.51769,0.96961,0.96355,0.98855,0.84451,0.86388,0.83446,0.83246,0.68736,0.43846,2.59222,0.05594,0.25817,0.01462,0,0.00140318,0.00140318,0.00140318
39,9223.51,0.59186,3.97858,0.20277,0.43342,0.01524,1.46214,0.96703,0.96815,0.98928,0.84562,0.86708,0.83242,0.8343,0.69135,0.43722,2.57452,0.0558,0.25831,0.01457,0,0.00137444,0.00137444,0.00137444
40,9462.67,0.58278,3.94947,0.20215,0.43302,0.01504,1.43188,0.9692,0.97044,0.98964,0.8481,0.8676,0.83593,0.83524,0.69127,0.4346,2.54869,0.05528,0.25597,0.01447,0,0.00134535,0.00134535,0.00134535
41,9698.82,0.58172,3.96495,0.20274,0.42674,0.01492,1.48715,0.96632,0.97257,0.98942,0.85014,0.87299,0.84058,0.83778,0.69383,0.43048,2.51124,0.05384,0.25426,0.01427,0,0.00131593,0.00131593,0.00131593
42,9939.46,0.5788,3.88479,0.20121,0.42477,0.0149,1.40107,0.96853,0.97255,0.98961,0.85023,0.87419,0.8407,0.83904,0.69556,0.43041,2.48756,0.05369,0.25224,0.01426,0,0.0012862,0.0012862,0.0012862
43,10177.7,0.57858,3.91063,0.19995,0.42655,0.01491,1.3462,0.96945,0.97222,0.98997,0.85144,0.87579,0.84848,0.84814,0.70033,0.42966,2.44726,0.05343,0.2501,0.01424,0,0.0012562,0.0012562,0.0012562
44,10413.4,0.57244,3.81517,0.19641,0.4219,0.01475,1.24921,0.96756,0.973,0.98966,0.85201,0.87873,0.84631,0.84863,0.70193,0.42783,2.44313,0.05361,0.24978,0.01419,0,0.00122596,0.00122596,0.00122596
45,10664.9,0.57016,3.80917,0.19715,0.41603,0.01457,1.21753,0.96902,0.97275,0.98962,0.85207,0.87918,0.84943,0.85113,0.70328,0.4271,2.42836,0.05307,0.24798,0.01417,0,0.00119551,0.00119551,0.00119551
46,10895.9,0.56824,3.78022,0.19694,0.41897,0.01461,1.20898,0.96821,0.97421,0.9895,0.85261,0.87516,0.84962,0.85,0.70432,0.42631,2.42878,0.05248,0.24614,0.01415,0,0.00116487,0.00116487,0.00116487
47,11126.2,0.56492,3.78173,0.1965,0.41575,0.01455,1.2425,0.96901,0.97362,0.98987,0.8537,0.87876,0.84978,0.85154,0.70565,0.42504,2.41516,0.0522,0.24433,0.01411,0,0.00113408,0.00113408,0.00113408
48,11356.9,0.56014,3.65255,0.19404,0.40232,0.01424,1.07638,0.97127,0.9726,0.99007,0.85332,0.87965,0.85323,0.853,0.7077,0.42554,2.3994,0.05171,0.241,0.01413,0,0.00110317,0.00110317,0.00110317
49,11588.6,0.55809,3.65324,0.19136,0.40313,0.01427,1.10146,0.97032,0.97158,0.98998,0.85384,0.87948,0.85357,0.85326,0.70871,0.42438,2.3819,0.05108,0.24061,0.0141,0,0.00107216,0.00107216,0.00107216
50,11821,0.55646,3.60929,0.19109,0.39982,0.0143,1.08956,0.97062,0.97247,0.9898,0.85487,0.87931,0.85515,0.85384,0.70937,0.42384,2.37388,0.05073,0.24123,0.01407,0,0.0010411,0.0010411,0.0010411
51,12046.7,0.55681,3.61522,0.19049,0.40008,0.01414,1.03326,0.97006,0.97435,0.99012,0.85481,0.88111,0.8557,0.85398,0.7097,0.42347,2.37133,0.05038,0.23981,0.01406,0,0.00101,0.00101,0.00101
52,12286.8,0.55147,3.58865,0.1893,0.40434,0.01405,0.98371,0.96959,0.97526,0.99018,0.85516,0.88281,0.8554,0.85399,0.71043,0.42245,2.36568,0.04986,0.23934,0.01403,0,0.000978903,0.000978903,0.000978903
53,12564,0.55007,3.53195,0.18861,0.39811,0.01404,0.95697,0.96995,0.97477,0.99014,0.85622,0.88353,0.85294,0.85425,0.71198,0.42156,2.36469,0.04933,0.23942,0.01399,0,0.000947837,0.000947837,0.000947837
54,12827.1,0.54869,3.53528,0.18923,0.39209,0.01406,0.94499,0.97096,0.97477,0.99029,0.85632,0.88234,0.8537,0.85387,0.71352,0.42009,2.35672,0.04898,0.23977,0.01393,0,0.000916833,0.000916833,0.000916833
55,13091.7,0.54095,3.45104,0.18609,0.38301,0.01375,0.86081,0.97142,0.97472,0.99021,0.85693,0.88142,0.85633,0.85452,0.71398,0.41974,2.35246,0.0487,0.23742,0.01392,0,0.00088592,0.00088592,0.00088592
56,237.237,0.54199,3.4878,0.19041,0.38953,0.01378,0.89893,0.97031,0.97553,0.9901,0.85702,0.88227,0.85383,0.85408,0.71403,0.41892,2.35184,0.04864,0.23746,0.01389,0,0.00085513,0.00085513,0.00085513
57,454.211,0.54373,3.47313,0.18743,0.3931,0.01393,0.89485,0.97042,0.97502,0.9903,0.85747,0.88237,0.85396,0.85423,0.71406,0.41864,2.35581,0.04864,0.23745,0.01388,0,0.000824492,0.000824492,0.000824492
58,735.96,0.54078,3.43909,0.18769,0.38896,0.01382,0.8696,0.96974,0.97596,0.99019,0.8572,0.88541,0.85177,0.85382,0.71352,0.41817,2.35653,0.04859,0.23785,0.01386,0,0.000794038,0.000794038,0.000794038
59,1074.77,0.53702,3.43747,0.18776,0.38959,0.01375,0.86346,0.97145,0.9754,0.99028,0.85745,0.8808,0.85411,0.85391,0.71373,0.41843,2.35779,0.04848,0.23682,0.01387,0,0.000763797,0.000763797,0.000763797
60,1432.05,0.53635,3.38603,0.1846,0.38686,0.0136,0.80796,0.97116,0.97489,0.99036,0.85835,0.8826,0.85362,0.85386,0.71385,0.41748,2.35653,0.04833,0.23661,0.01383,0,0.000733799,0.000733799,0.000733799
61,1807.08,0.53479,3.43011,0.18599,0.38629,0.01356,0.84695,0.97117,0.97462,0.99015,0.85836,0.88118,0.85472,0.85378,0.71403,0.41692,2.35258,0.04823,0.23706,0.01381,0,0.000704073,0.000704073,0.000704073
62,2205.02,0.53205,3.38022,0.1848,0.38126,0.0135,0.78322,0.97071,0.97557,0.9903,0.85904,0.88322,0.85523,0.85431,0.71385,0.41673,2.35135,0.04816,0.23613,0.0138,0,0.000674649,0.000674649,0.000674649
63,2600.97,0.53201,3.34451,0.18258,0.38069,0.01357,0.75248,0.97169,0.97556,0.99038,0.8592,0.88291,0.8551,0.8544,0.71438,0.41654,2.34899,0.04792,0.23589,0.01379,0,0.000645557,0.000645557,0.000645557
64,2928.35,0.52931,3.32096,0.18262,0.37612,0.01346,0.72894,0.972,0.97477,0.99043,0.85928,0.88313,0.85549,0.8545,0.71542,0.41642,2.34254,0.04779,0.23532,0.01378,0,0.000616824,0.000616824,0.000616824
65,3302.08,0.52768,3.33134,0.17999,0.3782,0.01342,0.73898,0.9734,0.97459,0.99047,0.85965,0.88424,0.85383,0.85444,0.71615,0.41597,2.33693,0.04767,0.23484,0.01377,0,0.000588479,0.000588479,0.000588479
66,3702.56,0.52066,3.27987,0.1816,0.37019,0.01308,0.68535,0.97289,0.97403,0.99046,0.85979,0.88533,0.854,0.85469,0.71639,0.41592,2.33283,0.04746,0.23352,0.01377,0,0.000560549,0.000560549,0.000560549
67,4094.8,0.51821,3.20595,0.18047,0.36228,0.0132,0.62791,0.97375,0.9738,0.9905,0.85979,0.88581,0.85508,0.85487,0.71794,0.41545,2.32909,0.04739,0.23329,0.01376,0,0.000533064,0.000533064,0.000533064
68,4493.36,0.51952,3.22937,0.17788,0.36859,0.01312,0.6363,0.97461,0.97362,0.99049,0.85986,0.88581,0.85485,0.85473,0.71851,0.41521,2.3256,0.04721,0.23238,0.01374,0,0.000506049,0.000506049,0.000506049
69,4689.96,0.51732,3.20549,0.17881,0.3631,0.01304,0.59729,0.97425,0.97387,0.99046,0.85997,0.88692,0.85458,0.85484,0.71868,0.41443,2.32348,0.04698,0.23316,0.01372,0,0.000479531,0.000479531,0.000479531
70,4886.68,0.51587,3.20835,0.17792,0.36542,0.01305,0.61072,0.97447,0.97272,0.9904,0.85973,0.88664,0.85419,0.85492,0.71839,0.41395,2.31881,0.0468,0.23391,0.0137,0,0.000453537,0.000453537,0.000453537
71,5085.07,0.51033,3.12513,0.17602,0.35805,0.01284,0.54319,0.97449,0.97375,0.99054,0.86018,0.88611,0.85676,0.85544,0.71963,0.41384,2.31601,0.04652,0.23167,0.0137,0,0.000428093,0.000428093,0.000428093
72,5281.12,0.51059,3.15402,0.17597,0.36079,0.01285,0.56284,0.97629,0.9726,0.99061,0.86022,0.88523,0.85676,0.85552,0.71978,0.41356,2.31201,0.0464,0.23094,0.01369,0,0.000403222,0.000403222,0.000403222
73,5475.9,0.5093,3.15364,0.17578,0.36203,0.01277,0.54906,0.97634,0.97277,0.9907,0.86049,0.88599,0.85651,0.85552,0.72001,0.41308,2.30922,0.04624,0.23019,0.01367,0,0.00037895,0.00037895,0.00037895
74,5672.64,0.50762,3.10562,0.17702,0.35475,0.0128,0.49494,0.97649,0.97247,0.99071,0.86041,0.88491,0.85931,0.85578,0.72079,0.41278,2.30395,0.04605,0.2304,0.01366,0,0.000355301,0.000355301,0.000355301
75,5867.76,0.50742,3.09614,0.17507,0.3564,0.01276,0.53573,0.97531,0.97413,0.99074,0.86054,0.88883,0.85689,0.86027,0.72144,0.41239,2.30199,0.04591,0.2295,0.01364,0,0.000332298,0.000332298,0.000332298
76,6063.41,0.50497,3.0587,0.17473,0.35736,0.01267,0.47989,0.97513,0.974,0.99068,0.8609,0.88677,0.85735,0.86133,0.72171,0.41191,2.29643,0.04577,0.22964,0.01362,0,0.000309964,0.000309964,0.000309964
77,6257.93,0.5022,3.03411,0.17362,0.35329,0.01268,0.48989,0.97633,0.97311,0.99071,0.86203,0.88941,0.85778,0.86273,0.72235,0.41151,2.29255,0.04561,0.22893,0.01361,0,0.000288321,0.000288321,0.000288321
78,6454.2,0.49744,3.00712,0.17252,0.3541,0.01248,0.44595,0.97561,0.97356,0.99076,0.86215,0.88685,0.85944,0.86337,0.72319,0.41131,2.28886,0.04542,0.2285,0.01361,0,0.00026739,0.00026739,0.00026739
79,6649.61,0.50109,3.03554,0.17472,0.35097,0.01252,0.45445,0.97655,0.97184,0.99074,0.86205,0.88706,0.85931,0.8642,0.72345,0.41044,2.28353,0.04534,0.22911,0.01357,0,0.000247192,0.000247192,0.000247192
80,6846.39,0.50015,3.01312,0.17056,0.35187,0.01251,0.4438,0.97672,0.97329,0.99086,0.86221,0.88972,0.8588,0.86442,0.72364,0.41024,2.28026,0.04523,0.22738,0.01357,0,0.000227747,0.000227747,0.000227747
81,7041.37,0.49484,2.9863,0.17193,0.34783,0.01237,0.42234,0.9766,0.97325,0.99085,0.86187,0.88857,0.8597,0.86472,0.72371,0.40988,2.27692,0.04503,0.22728,0.01355,0,0.000209073,0.000209073,0.000209073
82,7236.44,0.49449,2.96389,0.17094,0.34566,0.01248,0.43194,0.97672,0.97317,0.99079,0.86234,0.88833,0.86033,0.86498,0.72385,0.40926,2.27332,0.04489,0.22713,0.01352,0,0.00019119,0.00019119,0.00019119
83,7432.2,0.49197,2.94775,0.17027,0.34816,0.01228,0.39246,0.97729,0.97375,0.99078,0.86258,0.88935,0.86084,0.86512,0.72434,0.4089,2.26929,0.04474,0.22674,0.01351,0,0.000174115,0.000174115,0.000174115
84,7627.1,0.49016,2.94089,0.17081,0.348,0.01227,0.40247,0.97643,0.97413,0.99088,0.86269,0.89112,0.85969,0.86527,0.72457,0.40854,2.26626,0.04462,0.22656,0.01349,0,0.000157865,0.000157865,0.000157865
85,7822.4,0.49349,2.97002,0.16855,0.34746,0.01238,0.41569,0.97581,0.97426,0.99094,0.86232,0.8882,0.86059,0.86541,0.72495,0.40812,2.26204,0.0445,0.22658,0.01348,0,0.000142456,0.000142456,0.000142456
86,8017.74,0.48691,2.86583,0.16771,0.34423,0.01221,0.35159,0.97624,0.97377,0.99098,0.86363,0.88105,0.86887,0.86586,0.72541,0.40761,2.25826,0.04439,0.22655,0.01346,0,0.000127904,0.000127904,0.000127904
87,8214.68,0.49399,2.9319,0.16869,0.34739,0.01227,0.39224,0.97748,0.97365,0.99093,0.8637,0.88945,0.86135,0.86599,0.72597,0.40708,2.25379,0.04426,0.22671,0.01343,0,0.000114221,0.000114221,0.000114221
88,8409.77,0.49025,2.90915,0.16851,0.34318,0.01226,0.36533,0.97753,0.97362,0.9908,0.86368,0.89092,0.86084,0.86611,0.72557,0.40644,2.25,0.04411,0.22678,0.01341,0,0.000101423,0.000101423,0.000101423
89,8606.25,0.49111,2.88757,0.16926,0.34763,0.0123,0.37842,0.97682,0.97413,0.99082,0.86385,0.89224,0.86033,0.86609,0.72624,0.40609,2.24681,0.04403,0.22644,0.0134,0,8.95213e-05,8.95213e-05,8.95213e-05
90,8801.59,0.48522,2.85152,0.16804,0.34107,0.01218,0.35253,0.97664,0.97497,0.99092,0.86411,0.89092,0.86135,0.86641,0.72643,0.40563,2.24372,0.04387,0.22547,0.01338,0,7.8528e-05,7.8528e-05,7.8528e-05
91,9024.36,0.41579,2.16912,0.08259,0.23366,0.01459,1.01109,0.97715,0.97534,0.99106,0.86439,0.89307,0.86097,0.86653,0.72672,0.40532,2.24148,0.04367,0.22492,0.01337,0,6.8454e-05,6.8454e-05,6.8454e-05
92,9218.13,0.4067,2.1207,0.07714,0.22154,0.01422,0.94213,0.97703,0.97566,0.99105,0.86442,0.89295,0.86033,0.86647,0.72676,0.40477,2.23765,0.04338,0.22491,0.01335,0,5.93093e-05,5.93093e-05,5.93093e-05
93,9412.37,0.40651,2.11596,0.07847,0.2238,0.01417,0.92155,0.97646,0.97591,0.99109,0.86451,0.89331,0.85982,0.86653,0.72799,0.40447,2.23314,0.04295,0.22502,0.01333,0,5.11027e-05,5.11027e-05,5.11027e-05
94,9607.23,0.40204,2.08615,0.07547,0.22274,0.01389,0.8751,0.97642,0.97628,0.99108,0.86486,0.8912,0.86222,0.86679,0.72818,0.40384,2.23044,0.04256,0.22473,0.01331,0,4.38424e-05,4.38424e-05,4.38424e-05
95,9800.58,0.40068,2.07903,0.07478,0.22071,0.01397,0.91926,0.97729,0.97606,0.99112,0.86478,0.89466,0.86049,0.86699,0.72912,0.40331,2.22656,0.04219,0.22417,0.01329,0,3.75356e-05,3.75356e-05,3.75356e-05
96,9996.24,0.40171,2.07304,0.07375,0.22098,0.01389,0.87264,0.97666,0.97655,0.99115,0.86515,0.89458,0.86084,0.86698,0.7292,0.40276,2.22243,0.04185,0.2242,0.01327,0,3.21885e-05,3.21885e-05,3.21885e-05
97,10189.6,0.39949,2.07354,0.07379,0.22062,0.01376,0.85043,0.97678,0.97642,0.99113,0.86558,0.89146,0.86377,0.86704,0.72937,0.40245,2.21953,0.04146,0.22394,0.01326,0,2.78064e-05,2.78064e-05,2.78064e-05
98,10385,0.39727,2.05327,0.07508,0.21599,0.01372,0.8243,0.97678,0.97571,0.99111,0.86545,0.88438,0.87103,0.86702,0.73016,0.4021,2.21572,0.04113,0.22481,0.01324,0,2.43937e-05,2.43937e-05,2.43937e-05
99,10578.3,0.3991,2.05886,0.07348,0.21792,0.01387,0.86174,0.97421,0.97709,0.99108,0.86592,0.88635,0.86938,0.86721,0.73094,0.40132,2.21138,0.04077,0.22449,0.01322,0,2.19535e-05,2.19535e-05,2.19535e-05
100,10773.4,0.39855,2.06139,0.07419,0.21784,0.01375,0.84455,0.97546,0.97748,0.99107,0.86647,0.88659,0.87074,0.86742,0.73113,0.40091,2.20804,0.0404,0.22368,0.0132,0,2.04885e-05,2.04885e-05,2.04885e-05
